Código del ámbito,Ámbito,Código del área,Área,Código del elemento,Elemento,Código del producto,Producto,Código del año,Año,Unidad,Valor
QCL,Cultivos y productos de ganadería,44,Colombia,5510,Producción,60,"Aceite, maíz",2000,2000,toneladas,27638.53
QCL,Cultivos y productos de ganadería,44,Colombia,5510,Producción,60,"Aceite, maíz",2001,2001,toneladas,28138.02
QCL,Cultivos y productos de ganadería,44,Colombia,5510,Producción,60,"Aceite, maíz",2002,2002,toneladas,28860.77
QCL,Cultivos y productos de ganadería,44,Colombia,5510,Producción,60,"Aceite, maíz",2003,2003,toneladas,29317.16
QCL,Cultivos y productos de ganadería,44,Colombia,5510,Producción,60,"Aceite, maíz",2004,2004,toneladas,30036.37
QCL,Cultivos y productos de ganadería,44,Colombia,5510,Producción,60,"Aceite, maíz",2005,2005,toneladas,29320.16
QCL,Cultivos y productos de ganadería,44,Colombia,5510,Producción,60,"Aceite, maíz",2006,2006,toneladas,28421.47
QCL,Cultivos y productos de ganadería,44,Colombia,5510,Producción,60,"Aceite, maíz",2007,2007,toneladas,26960.93
QCL,Cultivos y productos de ganadería,44,Colombia,5510,Producción,60,"Aceite, maíz",2008,2008,toneladas,26204.76
QCL,Cultivos y productos de ganadería,44,Colombia,5510,Producción,60,"Aceite, maíz",2009,2009,toneladas,23633.78
QCL,Cultivos y productos de ganadería,44,Colombia,5510,Producción,60,"Aceite, maíz",2010,2010,toneladas,7402.5
QCL,Cultivos y productos de ganadería,44,Colombia,5510,Producción,60,"Aceite, maíz",2011,2011,toneladas,7501.5
QCL,Cultivos y productos de ganadería,44,Colombia,5510,Producción,60,"Aceite, maíz",2012,2012,toneladas,8930
QCL,Cultivos y productos de ganadería,44,Colombia,5510,Producción,60,"Aceite, maíz",2013,2013,toneladas,8901
QCL,Cultivos y productos de ganadería,44,Colombia,5510,Producción,60,"Aceite, maíz",2014,2014,toneladas,9394
QCL,Cultivos y productos de ganadería,44,Colombia,5510,Producción,60,"Aceite, maíz",2015,2015,toneladas,7527.66
QCL,Cultivos y productos de ganadería,44,Colombia,5510,Producción,60,"Aceite, maíz",2016,2016,toneladas,7898
QCL,Cultivos y productos de ganadería,44,Colombia,5510,Producción,60,"Aceite, maíz",2017,2017,toneladas,8425.89
QCL,Cultivos y productos de ganadería,44,Colombia,5510,Producción,60,"Aceite, maíz",2018,2018,toneladas,6877.05
QCL,Cultivos y productos de ganadería,44,Colombia,5510,Producción,60,"Aceite, maíz",2019,2019,toneladas,5503.92
QCL,Cultivos y productos de ganadería,44,Colombia,5510,Producción,60,"Aceite, maíz",2020,2020,toneladas,12020.76
QCL,Cultivos y productos de ganadería,44,Colombia,5510,Producción,60,"Aceite, maíz",2021,2021,toneladas,13536.82
QCL,Cultivos y productos de ganadería,44,Colombia,5510,Producción,60,"Aceite, maíz",2022,2022,toneladas,17270.47
QCL,Cultivos y productos de ganadería,44,Colombia,5510,Producción,60,"Aceite, maíz",2023,2023,toneladas,14460.85
QCL,Cultivos y productos de ganadería,44,Colombia,5412,Rendimiento,27,Arroz,2000,2000,kg/ha,4732.4
QCL,Cultivos y productos de ganadería,44,Colombia,5510,Producción,27,Arroz,2000,2000,toneladas,2237270
QCL,Cultivos y productos de ganadería,44,Colombia,5412,Rendimiento,27,Arroz,2001,2001,kg/ha,4547.2
QCL,Cultivos y productos de ganadería,44,Colombia,5510,Producción,27,Arroz,2001,2001,toneladas,2156310
QCL,Cultivos y productos de ganadería,44,Colombia,5412,Rendimiento,27,Arroz,2002,2002,kg/ha,4800.1
QCL,Cultivos y productos de ganadería,44,Colombia,5510,Producción,27,Arroz,2002,2002,toneladas,2063030
QCL,Cultivos y productos de ganadería,44,Colombia,5412,Rendimiento,27,Arroz,2003,2003,kg/ha,4853.6
QCL,Cultivos y productos de ganadería,44,Colombia,5510,Producción,27,Arroz,2003,2003,toneladas,2417190
QCL,Cultivos y productos de ganadería,44,Colombia,5412,Rendimiento,27,Arroz,2004,2004,kg/ha,4803.8
QCL,Cultivos y productos de ganadería,44,Colombia,5510,Producción,27,Arroz,2004,2004,toneladas,2496720
QCL,Cultivos y productos de ganadería,44,Colombia,5412,Rendimiento,27,Arroz,2005,2005,kg/ha,4838.8
QCL,Cultivos y productos de ganadería,44,Colombia,5510,Producción,27,Arroz,2005,2005,toneladas,2206512
QCL,Cultivos y productos de ganadería,44,Colombia,5412,Rendimiento,27,Arroz,2006,2006,kg/ha,4571.7
QCL,Cultivos y productos de ganadería,44,Colombia,5510,Producción,27,Arroz,2006,2006,toneladas,1965414
QCL,Cultivos y productos de ganadería,44,Colombia,5412,Rendimiento,27,Arroz,2007,2007,kg/ha,4902
QCL,Cultivos y productos de ganadería,44,Colombia,5510,Producción,27,Arroz,2007,2007,toneladas,2117165
QCL,Cultivos y productos de ganadería,44,Colombia,5412,Rendimiento,27,Arroz,2008,2008,kg/ha,4888.7
QCL,Cultivos y productos de ganadería,44,Colombia,5510,Producción,27,Arroz,2008,2008,toneladas,2412852
QCL,Cultivos y productos de ganadería,44,Colombia,5412,Rendimiento,27,Arroz,2009,2009,kg/ha,4695.6
QCL,Cultivos y productos de ganadería,44,Colombia,5510,Producción,27,Arroz,2009,2009,toneladas,2479921
QCL,Cultivos y productos de ganadería,44,Colombia,5412,Rendimiento,27,Arroz,2010,2010,kg/ha,4122.3
QCL,Cultivos y productos de ganadería,44,Colombia,5510,Producción,27,Arroz,2010,2010,toneladas,1988191
QCL,Cultivos y productos de ganadería,44,Colombia,5412,Rendimiento,27,Arroz,2011,2011,kg/ha,3958.9
QCL,Cultivos y productos de ganadería,44,Colombia,5510,Producción,27,Arroz,2011,2011,toneladas,2009945
QCL,Cultivos y productos de ganadería,44,Colombia,5412,Rendimiento,27,Arroz,2012,2012,kg/ha,4040.3
QCL,Cultivos y productos de ganadería,44,Colombia,5510,Producción,27,Arroz,2012,2012,toneladas,1945400
QCL,Cultivos y productos de ganadería,44,Colombia,5412,Rendimiento,27,Arroz,2013,2013,kg/ha,3844.8
QCL,Cultivos y productos de ganadería,44,Colombia,5510,Producción,27,Arroz,2013,2013,toneladas,2044300
QCL,Cultivos y productos de ganadería,44,Colombia,5412,Rendimiento,27,Arroz,2014,2014,kg/ha,4018
QCL,Cultivos y productos de ganadería,44,Colombia,5510,Producción,27,Arroz,2014,2014,toneladas,1853500
QCL,Cultivos y productos de ganadería,44,Colombia,5412,Rendimiento,27,Arroz,2015,2015,kg/ha,4130
QCL,Cultivos y productos de ganadería,44,Colombia,5510,Producción,27,Arroz,2015,2015,toneladas,2093100
QCL,Cultivos y productos de ganadería,44,Colombia,5412,Rendimiento,27,Arroz,2016,2016,kg/ha,4332.3
QCL,Cultivos y productos de ganadería,44,Colombia,5510,Producción,27,Arroz,2016,2016,toneladas,2645300
QCL,Cultivos y productos de ganadería,44,Colombia,5412,Rendimiento,27,Arroz,2017,2017,kg/ha,4080.8
QCL,Cultivos y productos de ganadería,44,Colombia,5510,Producción,27,Arroz,2017,2017,toneladas,2703100
QCL,Cultivos y productos de ganadería,44,Colombia,5412,Rendimiento,27,Arroz,2018,2018,kg/ha,4392.2
QCL,Cultivos y productos de ganadería,44,Colombia,5510,Producción,27,Arroz,2018,2018,toneladas,2591400
QCL,Cultivos y productos de ganadería,44,Colombia,5412,Rendimiento,27,Arroz,2019,2019,kg/ha,4465.7
QCL,Cultivos y productos de ganadería,44,Colombia,5510,Producción,27,Arroz,2019,2019,toneladas,2639200
QCL,Cultivos y productos de ganadería,44,Colombia,5412,Rendimiento,27,Arroz,2020,2020,kg/ha,4631.9
QCL,Cultivos y productos de ganadería,44,Colombia,5510,Producción,27,Arroz,2020,2020,toneladas,3038500
QCL,Cultivos y productos de ganadería,44,Colombia,5412,Rendimiento,27,Arroz,2021,2021,kg/ha,4480.5
QCL,Cultivos y productos de ganadería,44,Colombia,5510,Producción,27,Arroz,2021,2021,toneladas,2980400
QCL,Cultivos y productos de ganadería,44,Colombia,5412,Rendimiento,27,Arroz,2022,2022,kg/ha,4630.7
QCL,Cultivos y productos de ganadería,44,Colombia,5510,Producción,27,Arroz,2022,2022,toneladas,2608500
QCL,Cultivos y productos de ganadería,44,Colombia,5412,Rendimiento,27,Arroz,2023,2023,kg/ha,4503.5
QCL,Cultivos y productos de ganadería,44,Colombia,5510,Producción,27,Arroz,2023,2023,toneladas,3006100
QCL,Cultivos y productos de ganadería,44,Colombia,5412,Rendimiento,27,Arroz,2024,2024,kg/ha,4500.6
QCL,Cultivos y productos de ganadería,44,Colombia,5510,Producción,27,Arroz,2024,2024,toneladas,2823000
QCL,Cultivos y productos de ganadería,44,Colombia,5412,Rendimiento,176,"Frijoles, secos",2000,2000,kg/ha,1076.2
QCL,Cultivos y productos de ganadería,44,Colombia,5510,Producción,176,"Frijoles, secos",2000,2000,toneladas,124559
QCL,Cultivos y productos de ganadería,44,Colombia,5412,Rendimiento,176,"Frijoles, secos",2001,2001,kg/ha,1074.5
QCL,Cultivos y productos de ganadería,44,Colombia,5510,Producción,176,"Frijoles, secos",2001,2001,toneladas,124166
QCL,Cultivos y productos de ganadería,44,Colombia,5412,Rendimiento,176,"Frijoles, secos",2002,2002,kg/ha,1071.3
QCL,Cultivos y productos de ganadería,44,Colombia,5510,Producción,176,"Frijoles, secos",2002,2002,toneladas,117123
QCL,Cultivos y productos de ganadería,44,Colombia,5412,Rendimiento,176,"Frijoles, secos",2003,2003,kg/ha,1087.6
QCL,Cultivos y productos de ganadería,44,Colombia,5510,Producción,176,"Frijoles, secos",2003,2003,toneladas,124920
QCL,Cultivos y productos de ganadería,44,Colombia,5412,Rendimiento,176,"Frijoles, secos",2004,2004,kg/ha,1119.2
QCL,Cultivos y productos de ganadería,44,Colombia,5510,Producción,176,"Frijoles, secos",2004,2004,toneladas,127194
QCL,Cultivos y productos de ganadería,44,Colombia,5412,Rendimiento,176,"Frijoles, secos",2005,2005,kg/ha,1154.3
QCL,Cultivos y productos de ganadería,44,Colombia,5510,Producción,176,"Frijoles, secos",2005,2005,toneladas,143834
QCL,Cultivos y productos de ganadería,44,Colombia,5412,Rendimiento,176,"Frijoles, secos",2006,2006,kg/ha,1132.2
QCL,Cultivos y productos de ganadería,44,Colombia,5510,Producción,176,"Frijoles, secos",2006,2006,toneladas,136514
QCL,Cultivos y productos de ganadería,44,Colombia,5412,Rendimiento,176,"Frijoles, secos",2007,2007,kg/ha,1195.8
QCL,Cultivos y productos de ganadería,44,Colombia,5510,Producción,176,"Frijoles, secos",2007,2007,toneladas,156236
QCL,Cultivos y productos de ganadería,44,Colombia,5412,Rendimiento,176,"Frijoles, secos",2008,2008,kg/ha,1221.5
QCL,Cultivos y productos de ganadería,44,Colombia,5510,Producción,176,"Frijoles, secos",2008,2008,toneladas,160883
QCL,Cultivos y productos de ganadería,44,Colombia,5412,Rendimiento,176,"Frijoles, secos",2009,2009,kg/ha,1194.4
QCL,Cultivos y productos de ganadería,44,Colombia,5510,Producción,176,"Frijoles, secos",2009,2009,toneladas,147017
QCL,Cultivos y productos de ganadería,44,Colombia,5412,Rendimiento,176,"Frijoles, secos",2010,2010,kg/ha,1156.3
QCL,Cultivos y productos de ganadería,44,Colombia,5510,Producción,176,"Frijoles, secos",2010,2010,toneladas,136626
QCL,Cultivos y productos de ganadería,44,Colombia,5412,Rendimiento,176,"Frijoles, secos",2011,2011,kg/ha,1122.3
QCL,Cultivos y productos de ganadería,44,Colombia,5510,Producción,176,"Frijoles, secos",2011,2011,toneladas,129672
QCL,Cultivos y productos de ganadería,44,Colombia,5412,Rendimiento,176,"Frijoles, secos",2012,2012,kg/ha,1178
QCL,Cultivos y productos de ganadería,44,Colombia,5510,Producción,176,"Frijoles, secos",2012,2012,toneladas,138324.32
QCL,Cultivos y productos de ganadería,44,Colombia,5412,Rendimiento,176,"Frijoles, secos",2013,2013,kg/ha,1168.9
QCL,Cultivos y productos de ganadería,44,Colombia,5510,Producción,176,"Frijoles, secos",2013,2013,toneladas,142163
QCL,Cultivos y productos de ganadería,44,Colombia,5412,Rendimiento,176,"Frijoles, secos",2014,2014,kg/ha,1225.3
QCL,Cultivos y productos de ganadería,44,Colombia,5510,Producción,176,"Frijoles, secos",2014,2014,toneladas,149111.72
QCL,Cultivos y productos de ganadería,44,Colombia,5412,Rendimiento,176,"Frijoles, secos",2015,2015,kg/ha,1093.3
QCL,Cultivos y productos de ganadería,44,Colombia,5510,Producción,176,"Frijoles, secos",2015,2015,toneladas,136847.22
QCL,Cultivos y productos de ganadería,44,Colombia,5412,Rendimiento,176,"Frijoles, secos",2016,2016,kg/ha,915.3
QCL,Cultivos y productos de ganadería,44,Colombia,5510,Producción,176,"Frijoles, secos",2016,2016,toneladas,108866.57
QCL,Cultivos y productos de ganadería,44,Colombia,5412,Rendimiento,176,"Frijoles, secos",2017,2017,kg/ha,1318.8
QCL,Cultivos y productos de ganadería,44,Colombia,5510,Producción,176,"Frijoles, secos",2017,2017,toneladas,122783
QCL,Cultivos y productos de ganadería,44,Colombia,5412,Rendimiento,176,"Frijoles, secos",2018,2018,kg/ha,1241.8
QCL,Cultivos y productos de ganadería,44,Colombia,5510,Producción,176,"Frijoles, secos",2018,2018,toneladas,98504
QCL,Cultivos y productos de ganadería,44,Colombia,5412,Rendimiento,176,"Frijoles, secos",2019,2019,kg/ha,624.4
QCL,Cultivos y productos de ganadería,44,Colombia,5510,Producción,176,"Frijoles, secos",2019,2019,toneladas,54147
QCL,Cultivos y productos de ganadería,44,Colombia,5412,Rendimiento,176,"Frijoles, secos",2020,2020,kg/ha,1210.9
QCL,Cultivos y productos de ganadería,44,Colombia,5510,Producción,176,"Frijoles, secos",2020,2020,toneladas,97890.85
QCL,Cultivos y productos de ganadería,44,Colombia,5412,Rendimiento,176,"Frijoles, secos",2021,2021,kg/ha,1261.1
QCL,Cultivos y productos de ganadería,44,Colombia,5510,Producción,176,"Frijoles, secos",2021,2021,toneladas,104161.74
QCL,Cultivos y productos de ganadería,44,Colombia,5412,Rendimiento,176,"Frijoles, secos",2022,2022,kg/ha,1353.2
QCL,Cultivos y productos de ganadería,44,Colombia,5510,Producción,176,"Frijoles, secos",2022,2022,toneladas,115330
QCL,Cultivos y productos de ganadería,44,Colombia,5412,Rendimiento,176,"Frijoles, secos",2023,2023,kg/ha,1229
QCL,Cultivos y productos de ganadería,44,Colombia,5510,Producción,176,"Frijoles, secos",2023,2023,toneladas,97010
QCL,Cultivos y productos de ganadería,44,Colombia,5412,Rendimiento,176,"Frijoles, secos",2024,2024,kg/ha,1286.3
QCL,Cultivos y productos de ganadería,44,Colombia,5510,Producción,176,"Frijoles, secos",2024,2024,toneladas,96989
QCL,Cultivos y productos de ganadería,44,Colombia,5412,Rendimiento,56,Maíz,2000,2000,kg/ha,2106.4
QCL,Cultivos y productos de ganadería,44,Colombia,5510,Producción,56,Maíz,2000,2000,toneladas,1204471
QCL,Cultivos y productos de ganadería,44,Colombia,5412,Rendimiento,56,Maíz,2001,2001,kg/ha,2075.5
QCL,Cultivos y productos de ganadería,44,Colombia,5510,Producción,56,Maíz,2001,2001,toneladas,1191901
QCL,Cultivos y productos de ganadería,44,Colombia,5412,Rendimiento,56,Maíz,2002,2002,kg/ha,2277.3
QCL,Cultivos y productos de ganadería,44,Colombia,5510,Producción,56,Maíz,2002,2002,toneladas,1263544
QCL,Cultivos y productos de ganadería,44,Colombia,5412,Rendimiento,56,Maíz,2003,2003,kg/ha,2651.8
QCL,Cultivos y productos de ganadería,44,Colombia,5510,Producción,56,Maíz,2003,2003,toneladas,1513950
QCL,Cultivos y productos de ganadería,44,Colombia,5412,Rendimiento,56,Maíz,2004,2004,kg/ha,2635.7
QCL,Cultivos y productos de ganadería,44,Colombia,5510,Producción,56,Maíz,2004,2004,toneladas,1623214
QCL,Cultivos y productos de ganadería,44,Colombia,5412,Rendimiento,56,Maíz,2005,2005,kg/ha,2753.7
QCL,Cultivos y productos de ganadería,44,Colombia,5510,Producción,56,Maíz,2005,2005,toneladas,1588316
QCL,Cultivos y productos de ganadería,44,Colombia,5412,Rendimiento,56,Maíz,2006,2006,kg/ha,2536.8
QCL,Cultivos y productos de ganadería,44,Colombia,5510,Producción,56,Maíz,2006,2006,toneladas,1531145
QCL,Cultivos y productos de ganadería,44,Colombia,5412,Rendimiento,56,Maíz,2007,2007,kg/ha,2766.1
QCL,Cultivos y productos de ganadería,44,Colombia,5510,Producción,56,Maíz,2007,2007,toneladas,1733290
QCL,Cultivos y productos de ganadería,44,Colombia,5412,Rendimiento,56,Maíz,2008,2008,kg/ha,2771.2
QCL,Cultivos y productos de ganadería,44,Colombia,5510,Producción,56,Maíz,2008,2008,toneladas,1726546
QCL,Cultivos y productos de ganadería,44,Colombia,5412,Rendimiento,56,Maíz,2009,2009,kg/ha,2684.5
QCL,Cultivos y productos de ganadería,44,Colombia,5510,Producción,56,Maíz,2009,2009,toneladas,1560347
QCL,Cultivos y productos de ganadería,44,Colombia,5412,Rendimiento,56,Maíz,2010,2010,kg/ha,2722.7
QCL,Cultivos y productos de ganadería,44,Colombia,5510,Producción,56,Maíz,2010,2010,toneladas,1421868
QCL,Cultivos y productos de ganadería,44,Colombia,5412,Rendimiento,56,Maíz,2011,2011,kg/ha,2859.1
QCL,Cultivos y productos de ganadería,44,Colombia,5510,Producción,56,Maíz,2011,2011,toneladas,1719794.71
QCL,Cultivos y productos de ganadería,44,Colombia,5412,Rendimiento,56,Maíz,2012,2012,kg/ha,2905.2
QCL,Cultivos y productos de ganadería,44,Colombia,5510,Producción,56,Maíz,2012,2012,toneladas,1872855.14
QCL,Cultivos y productos de ganadería,44,Colombia,5412,Rendimiento,56,Maíz,2013,2013,kg/ha,2824.6
QCL,Cultivos y productos de ganadería,44,Colombia,5510,Producción,56,Maíz,2013,2013,toneladas,1779068.54
QCL,Cultivos y productos de ganadería,44,Colombia,5412,Rendimiento,56,Maíz,2014,2014,kg/ha,3565.1
QCL,Cultivos y productos de ganadería,44,Colombia,5510,Producción,56,Maíz,2014,2014,toneladas,1803039.07
QCL,Cultivos y productos de ganadería,44,Colombia,5412,Rendimiento,56,Maíz,2015,2015,kg/ha,3671.4
QCL,Cultivos y productos de ganadería,44,Colombia,5510,Producción,56,Maíz,2015,2015,toneladas,1471026.34
QCL,Cultivos y productos de ganadería,44,Colombia,5412,Rendimiento,56,Maíz,2016,2016,kg/ha,3073.7
QCL,Cultivos y productos de ganadería,44,Colombia,5510,Producción,56,Maíz,2016,2016,toneladas,1295088.58
QCL,Cultivos y productos de ganadería,44,Colombia,5412,Rendimiento,56,Maíz,2017,2017,kg/ha,3500.5
QCL,Cultivos y productos de ganadería,44,Colombia,5510,Producción,56,Maíz,2017,2017,toneladas,1329856
QCL,Cultivos y productos de ganadería,44,Colombia,5412,Rendimiento,56,Maíz,2018,2018,kg/ha,3498.9
QCL,Cultivos y productos de ganadería,44,Colombia,5510,Producción,56,Maíz,2018,2018,toneladas,1378367.83
QCL,Cultivos y productos de ganadería,44,Colombia,5412,Rendimiento,56,Maíz,2019,2019,kg/ha,3741.8
QCL,Cultivos y productos de ganadería,44,Colombia,5510,Producción,56,Maíz,2019,2019,toneladas,1394862.99
QCL,Cultivos y productos de ganadería,44,Colombia,5412,Rendimiento,56,Maíz,2020,2020,kg/ha,4036.6
QCL,Cultivos y productos de ganadería,44,Colombia,5510,Producción,56,Maíz,2020,2020,toneladas,1392895.19
QCL,Cultivos y productos de ganadería,44,Colombia,5412,Rendimiento,56,Maíz,2021,2021,kg/ha,3988.2
QCL,Cultivos y productos de ganadería,44,Colombia,5510,Producción,56,Maíz,2021,2021,toneladas,1551015.74
QCL,Cultivos y productos de ganadería,44,Colombia,5412,Rendimiento,56,Maíz,2022,2022,kg/ha,4152.8
QCL,Cultivos y productos de ganadería,44,Colombia,5510,Producción,56,Maíz,2022,2022,toneladas,1921177.46
QCL,Cultivos y productos de ganadería,44,Colombia,5412,Rendimiento,56,Maíz,2023,2023,kg/ha,4036.9
QCL,Cultivos y productos de ganadería,44,Colombia,5510,Producción,56,Maíz,2023,2023,toneladas,1725773
QCL,Cultivos y productos de ganadería,44,Colombia,5412,Rendimiento,56,Maíz,2024,2024,kg/ha,4343.2
QCL,Cultivos y productos de ganadería,44,Colombia,5510,Producción,56,Maíz,2024,2024,toneladas,1489582
QCL,Cultivos y productos de ganadería,44,Colombia,5412,Rendimiento,116,"Papas, patatas",2000,2000,kg/ha,12818
QCL,Cultivos y productos de ganadería,44,Colombia,5510,Producción,116,"Papas, patatas",2000,2000,toneladas,1404102
QCL,Cultivos y productos de ganadería,44,Colombia,5412,Rendimiento,116,"Papas, patatas",2001,2001,kg/ha,14374.2
QCL,Cultivos y productos de ganadería,44,Colombia,5510,Producción,116,"Papas, patatas",2001,2001,toneladas,1764505
QCL,Cultivos y productos de ganadería,44,Colombia,5412,Rendimiento,116,"Papas, patatas",2002,2002,kg/ha,15637.7
QCL,Cultivos y productos de ganadería,44,Colombia,5510,Producción,116,"Papas, patatas",2002,2002,toneladas,1761057
QCL,Cultivos y productos de ganadería,44,Colombia,5412,Rendimiento,116,"Papas, patatas",2003,2003,kg/ha,16436
QCL,Cultivos y productos de ganadería,44,Colombia,5510,Producción,116,"Papas, patatas",2003,2003,toneladas,2144161
QCL,Cultivos y productos de ganadería,44,Colombia,5412,Rendimiento,116,"Papas, patatas",2004,2004,kg/ha,15819.9
QCL,Cultivos y productos de ganadería,44,Colombia,5510,Producción,116,"Papas, patatas",2004,2004,toneladas,2035929
QCL,Cultivos y productos de ganadería,44,Colombia,5412,Rendimiento,116,"Papas, patatas",2005,2005,kg/ha,15195.4
QCL,Cultivos y productos de ganadería,44,Colombia,5510,Producción,116,"Papas, patatas",2005,2005,toneladas,1832918
QCL,Cultivos y productos de ganadería,44,Colombia,5412,Rendimiento,116,"Papas, patatas",2006,2006,kg/ha,15903.3
QCL,Cultivos y productos de ganadería,44,Colombia,5510,Producción,116,"Papas, patatas",2006,2006,toneladas,2208068
QCL,Cultivos y productos de ganadería,44,Colombia,5412,Rendimiento,116,"Papas, patatas",2007,2007,kg/ha,16698.6
QCL,Cultivos y productos de ganadería,44,Colombia,5510,Producción,116,"Papas, patatas",2007,2007,toneladas,2823362
QCL,Cultivos y productos de ganadería,44,Colombia,5412,Rendimiento,116,"Papas, patatas",2008,2008,kg/ha,17601.3
QCL,Cultivos y productos de ganadería,44,Colombia,5510,Producción,116,"Papas, patatas",2008,2008,toneladas,2372862
QCL,Cultivos y productos de ganadería,44,Colombia,5412,Rendimiento,116,"Papas, patatas",2009,2009,kg/ha,18379.3
QCL,Cultivos y productos de ganadería,44,Colombia,5510,Producción,116,"Papas, patatas",2009,2009,toneladas,2272772
QCL,Cultivos y productos de ganadería,44,Colombia,5412,Rendimiento,116,"Papas, patatas",2010,2010,kg/ha,17246.2
QCL,Cultivos y productos de ganadería,44,Colombia,5510,Producción,116,"Papas, patatas",2010,2010,toneladas,1867899
QCL,Cultivos y productos de ganadería,44,Colombia,5412,Rendimiento,116,"Papas, patatas",2011,2011,kg/ha,17339
QCL,Cultivos y productos de ganadería,44,Colombia,5510,Producción,116,"Papas, patatas",2011,2011,toneladas,1709950
QCL,Cultivos y productos de ganadería,44,Colombia,5412,Rendimiento,116,"Papas, patatas",2012,2012,kg/ha,18166.1
QCL,Cultivos y productos de ganadería,44,Colombia,5510,Producción,116,"Papas, patatas",2012,2012,toneladas,1847145
QCL,Cultivos y productos de ganadería,44,Colombia,5412,Rendimiento,116,"Papas, patatas",2013,2013,kg/ha,18561.9
QCL,Cultivos y productos de ganadería,44,Colombia,5510,Producción,116,"Papas, patatas",2013,2013,toneladas,2129318.8
QCL,Cultivos y productos de ganadería,44,Colombia,5412,Rendimiento,116,"Papas, patatas",2014,2014,kg/ha,20052.1
QCL,Cultivos y productos de ganadería,44,Colombia,5510,Producción,116,"Papas, patatas",2014,2014,toneladas,2157568
QCL,Cultivos y productos de ganadería,44,Colombia,5412,Rendimiento,116,"Papas, patatas",2015,2015,kg/ha,19478.6
QCL,Cultivos y productos de ganadería,44,Colombia,5510,Producción,116,"Papas, patatas",2015,2015,toneladas,2582146.86
QCL,Cultivos y productos de ganadería,44,Colombia,5412,Rendimiento,116,"Papas, patatas",2016,2016,kg/ha,18892.4
QCL,Cultivos y productos de ganadería,44,Colombia,5510,Producción,116,"Papas, patatas",2016,2016,toneladas,3034031.45
QCL,Cultivos y productos de ganadería,44,Colombia,5412,Rendimiento,116,"Papas, patatas",2017,2017,kg/ha,22756.5
QCL,Cultivos y productos de ganadería,44,Colombia,5510,Producción,116,"Papas, patatas",2017,2017,toneladas,3706563
QCL,Cultivos y productos de ganadería,44,Colombia,5412,Rendimiento,116,"Papas, patatas",2018,2018,kg/ha,22375.5
QCL,Cultivos y productos de ganadería,44,Colombia,5510,Producción,116,"Papas, patatas",2018,2018,toneladas,3018999.07
QCL,Cultivos y productos de ganadería,44,Colombia,5412,Rendimiento,116,"Papas, patatas",2019,2019,kg/ha,23387
QCL,Cultivos y productos de ganadería,44,Colombia,5510,Producción,116,"Papas, patatas",2019,2019,toneladas,3123803.8
QCL,Cultivos y productos de ganadería,44,Colombia,5412,Rendimiento,116,"Papas, patatas",2020,2020,kg/ha,20930.8
QCL,Cultivos y productos de ganadería,44,Colombia,5510,Producción,116,"Papas, patatas",2020,2020,toneladas,2625272
QCL,Cultivos y productos de ganadería,44,Colombia,5412,Rendimiento,116,"Papas, patatas",2021,2021,kg/ha,21991.3
QCL,Cultivos y productos de ganadería,44,Colombia,5510,Producción,116,"Papas, patatas",2021,2021,toneladas,2596518.15
QCL,Cultivos y productos de ganadería,44,Colombia,5412,Rendimiento,116,"Papas, patatas",2022,2022,kg/ha,21984.2
QCL,Cultivos y productos de ganadería,44,Colombia,5510,Producción,116,"Papas, patatas",2022,2022,toneladas,2526330.01
QCL,Cultivos y productos de ganadería,44,Colombia,5412,Rendimiento,116,"Papas, patatas",2023,2023,kg/ha,22778.9
QCL,Cultivos y productos de ganadería,44,Colombia,5510,Producción,116,"Papas, patatas",2023,2023,toneladas,2573450.49
QCL,Cultivos y productos de ganadería,44,Colombia,5412,Rendimiento,116,"Papas, patatas",2024,2024,kg/ha,22698.6
QCL,Cultivos y productos de ganadería,44,Colombia,5510,Producción,116,"Papas, patatas",2024,2024,toneladas,2492099
QCL,Cultivos y productos de ganadería,44,Colombia,5412,Rendimiento,600,Papayas,2000,2000,kg/ha,25050.5
QCL,Cultivos y productos de ganadería,44,Colombia,5510,Producción,600,Papayas,2000,2000,toneladas,112627
QCL,Cultivos y productos de ganadería,44,Colombia,5412,Rendimiento,600,Papayas,2001,2001,kg/ha,25082.4
QCL,Cultivos y productos de ganadería,44,Colombia,5510,Producción,600,Papayas,2001,2001,toneladas,110764
QCL,Cultivos y productos de ganadería,44,Colombia,5412,Rendimiento,600,Papayas,2002,2002,kg/ha,23394.9
QCL,Cultivos y productos de ganadería,44,Colombia,5510,Producción,600,Papayas,2002,2002,toneladas,86912
QCL,Cultivos y productos de ganadería,44,Colombia,5412,Rendimiento,600,Papayas,2003,2003,kg/ha,22464
QCL,Cultivos y productos de ganadería,44,Colombia,5510,Producción,600,Papayas,2003,2003,toneladas,91608
QCL,Cultivos y productos de ganadería,44,Colombia,5412,Rendimiento,600,Papayas,2004,2004,kg/ha,23268.4
QCL,Cultivos y productos de ganadería,44,Colombia,5510,Producción,600,Papayas,2004,2004,toneladas,103870
QCL,Cultivos y productos de ganadería,44,Colombia,5412,Rendimiento,600,Papayas,2005,2005,kg/ha,27241.1
QCL,Cultivos y productos de ganadería,44,Colombia,5510,Producción,600,Papayas,2005,2005,toneladas,140346
QCL,Cultivos y productos de ganadería,44,Colombia,5412,Rendimiento,600,Papayas,2006,2006,kg/ha,28772.2
QCL,Cultivos y productos de ganadería,44,Colombia,5510,Producción,600,Papayas,2006,2006,toneladas,164606
QCL,Cultivos y productos de ganadería,44,Colombia,5412,Rendimiento,600,Papayas,2007,2007,kg/ha,36930.2
QCL,Cultivos y productos de ganadería,44,Colombia,5510,Producción,600,Papayas,2007,2007,toneladas,223945
QCL,Cultivos y productos de ganadería,44,Colombia,5412,Rendimiento,600,Papayas,2008,2008,kg/ha,37777
QCL,Cultivos y productos de ganadería,44,Colombia,5510,Producción,600,Papayas,2008,2008,toneladas,207698
QCL,Cultivos y productos de ganadería,44,Colombia,5412,Rendimiento,600,Papayas,2009,2009,kg/ha,33405.6
QCL,Cultivos y productos de ganadería,44,Colombia,5510,Producción,600,Papayas,2009,2009,toneladas,185902
QCL,Cultivos y productos de ganadería,44,Colombia,5412,Rendimiento,600,Papayas,2010,2010,kg/ha,31984.6
QCL,Cultivos y productos de ganadería,44,Colombia,5510,Producción,600,Papayas,2010,2010,toneladas,157620
QCL,Cultivos y productos de ganadería,44,Colombia,5412,Rendimiento,600,Papayas,2011,2011,kg/ha,30821.3
QCL,Cultivos y productos de ganadería,44,Colombia,5510,Producción,600,Papayas,2011,2011,toneladas,153120
QCL,Cultivos y productos de ganadería,44,Colombia,5412,Rendimiento,600,Papayas,2012,2012,kg/ha,33913.5
QCL,Cultivos y productos de ganadería,44,Colombia,5510,Producción,600,Papayas,2012,2012,toneladas,165788
QCL,Cultivos y productos de ganadería,44,Colombia,5412,Rendimiento,600,Papayas,2013,2013,kg/ha,34595
QCL,Cultivos y productos de ganadería,44,Colombia,5510,Producción,600,Papayas,2013,2013,toneladas,167548.52
QCL,Cultivos y productos de ganadería,44,Colombia,5412,Rendimiento,600,Papayas,2014,2014,kg/ha,32220.9
QCL,Cultivos y productos de ganadería,44,Colombia,5510,Producción,600,Papayas,2014,2014,toneladas,155289.83
QCL,Cultivos y productos de ganadería,44,Colombia,5412,Rendimiento,600,Papayas,2015,2015,kg/ha,33050.5
QCL,Cultivos y productos de ganadería,44,Colombia,5510,Producción,600,Papayas,2015,2015,toneladas,176219.78
QCL,Cultivos y productos de ganadería,44,Colombia,5412,Rendimiento,600,Papayas,2016,2016,kg/ha,29651.1
QCL,Cultivos y productos de ganadería,44,Colombia,5510,Producción,600,Papayas,2016,2016,toneladas,177458.37
QCL,Cultivos y productos de ganadería,44,Colombia,5412,Rendimiento,600,Papayas,2017,2017,kg/ha,31163.4
QCL,Cultivos y productos de ganadería,44,Colombia,5510,Producción,600,Papayas,2017,2017,toneladas,168594
QCL,Cultivos y productos de ganadería,44,Colombia,5412,Rendimiento,600,Papayas,2018,2018,kg/ha,24157.3
QCL,Cultivos y productos de ganadería,44,Colombia,5510,Producción,600,Papayas,2018,2018,toneladas,125328
QCL,Cultivos y productos de ganadería,44,Colombia,5412,Rendimiento,600,Papayas,2019,2019,kg/ha,21129.1
QCL,Cultivos y productos de ganadería,44,Colombia,5510,Producción,600,Papayas,2019,2019,toneladas,144967
QCL,Cultivos y productos de ganadería,44,Colombia,5412,Rendimiento,600,Papayas,2020,2020,kg/ha,26849.9
QCL,Cultivos y productos de ganadería,44,Colombia,5510,Producción,600,Papayas,2020,2020,toneladas,196017.12
QCL,Cultivos y productos de ganadería,44,Colombia,5412,Rendimiento,600,Papayas,2021,2021,kg/ha,21038.8
QCL,Cultivos y productos de ganadería,44,Colombia,5510,Producción,600,Papayas,2021,2021,toneladas,146179.1
QCL,Cultivos y productos de ganadería,44,Colombia,5412,Rendimiento,600,Papayas,2022,2022,kg/ha,20060.3
QCL,Cultivos y productos de ganadería,44,Colombia,5510,Producción,600,Papayas,2022,2022,toneladas,152337.37
QCL,Cultivos y productos de ganadería,44,Colombia,5412,Rendimiento,600,Papayas,2023,2023,kg/ha,22074.5
QCL,Cultivos y productos de ganadería,44,Colombia,5510,Producción,600,Papayas,2023,2023,toneladas,178470.72
QCL,Cultivos y productos de ganadería,44,Colombia,5412,Rendimiento,600,Papayas,2024,2024,kg/ha,22192.8
QCL,Cultivos y productos de ganadería,44,Colombia,5510,Producción,600,Papayas,2024,2024,toneladas,166530.7
QCL,Cultivos y productos de ganadería,44,Colombia,5412,Rendimiento,489,Plátanos (Verde) y bananos para cocinar,2000,2000,kg/ha,7229.1
QCL,Cultivos y productos de ganadería,44,Colombia,5510,Producción,489,Plátanos (Verde) y bananos para cocinar,2000,2000,toneladas,2825083
QCL,Cultivos y productos de ganadería,44,Colombia,5412,Rendimiento,489,Plátanos (Verde) y bananos para cocinar,2001,2001,kg/ha,7730.7
QCL,Cultivos y productos de ganadería,44,Colombia,5510,Producción,489,Plátanos (Verde) y bananos para cocinar,2001,2001,toneladas,3058990
QCL,Cultivos y productos de ganadería,44,Colombia,5412,Rendimiento,489,Plátanos (Verde) y bananos para cocinar,2002,2002,kg/ha,7847.9
QCL,Cultivos y productos de ganadería,44,Colombia,5510,Producción,489,Plátanos (Verde) y bananos para cocinar,2002,2002,toneladas,3079177
QCL,Cultivos y productos de ganadería,44,Colombia,5412,Rendimiento,489,Plátanos (Verde) y bananos para cocinar,2003,2003,kg/ha,7563.7
QCL,Cultivos y productos de ganadería,44,Colombia,5510,Producción,489,Plátanos (Verde) y bananos para cocinar,2003,2003,toneladas,2924181
QCL,Cultivos y productos de ganadería,44,Colombia,5412,Rendimiento,489,Plátanos (Verde) y bananos para cocinar,2004,2004,kg/ha,7852
QCL,Cultivos y productos de ganadería,44,Colombia,5510,Producción,489,Plátanos (Verde) y bananos para cocinar,2004,2004,toneladas,3072795
QCL,Cultivos y productos de ganadería,44,Colombia,5412,Rendimiento,489,Plátanos (Verde) y bananos para cocinar,2005,2005,kg/ha,7886.8
QCL,Cultivos y productos de ganadería,44,Colombia,5510,Producción,489,Plátanos (Verde) y bananos para cocinar,2005,2005,toneladas,3046284
QCL,Cultivos y productos de ganadería,44,Colombia,5412,Rendimiento,489,Plátanos (Verde) y bananos para cocinar,2006,2006,kg/ha,8195.3
QCL,Cultivos y productos de ganadería,44,Colombia,5510,Producción,489,Plátanos (Verde) y bananos para cocinar,2006,2006,toneladas,3156975
QCL,Cultivos y productos de ganadería,44,Colombia,5412,Rendimiento,489,Plátanos (Verde) y bananos para cocinar,2007,2007,kg/ha,8156
QCL,Cultivos y productos de ganadería,44,Colombia,5510,Producción,489,Plátanos (Verde) y bananos para cocinar,2007,2007,toneladas,3218804
QCL,Cultivos y productos de ganadería,44,Colombia,5412,Rendimiento,489,Plátanos (Verde) y bananos para cocinar,2008,2008,kg/ha,8161.1
QCL,Cultivos y productos de ganadería,44,Colombia,5510,Producción,489,Plátanos (Verde) y bananos para cocinar,2008,2008,toneladas,3379742
QCL,Cultivos y productos de ganadería,44,Colombia,5412,Rendimiento,489,Plátanos (Verde) y bananos para cocinar,2009,2009,kg/ha,7871.4
QCL,Cultivos y productos de ganadería,44,Colombia,5510,Producción,489,Plátanos (Verde) y bananos para cocinar,2009,2009,toneladas,2754008.5
QCL,Cultivos y productos de ganadería,44,Colombia,5412,Rendimiento,489,Plátanos (Verde) y bananos para cocinar,2010,2010,kg/ha,8077.1
QCL,Cultivos y productos de ganadería,44,Colombia,5510,Producción,489,Plátanos (Verde) y bananos para cocinar,2010,2010,toneladas,2978461.2
QCL,Cultivos y productos de ganadería,44,Colombia,5412,Rendimiento,489,Plátanos (Verde) y bananos para cocinar,2011,2011,kg/ha,7962.4
QCL,Cultivos y productos de ganadería,44,Colombia,5510,Producción,489,Plátanos (Verde) y bananos para cocinar,2011,2011,toneladas,2957039.8
QCL,Cultivos y productos de ganadería,44,Colombia,5412,Rendimiento,489,Plátanos (Verde) y bananos para cocinar,2012,2012,kg/ha,8105
QCL,Cultivos y productos de ganadería,44,Colombia,5510,Producción,489,Plátanos (Verde) y bananos para cocinar,2012,2012,toneladas,3216926
QCL,Cultivos y productos de ganadería,44,Colombia,5412,Rendimiento,489,Plátanos (Verde) y bananos para cocinar,2013,2013,kg/ha,8423
QCL,Cultivos y productos de ganadería,44,Colombia,5510,Producción,489,Plátanos (Verde) y bananos para cocinar,2013,2013,toneladas,3349398.71
QCL,Cultivos y productos de ganadería,44,Colombia,5412,Rendimiento,489,Plátanos (Verde) y bananos para cocinar,2014,2014,kg/ha,8675.9
QCL,Cultivos y productos de ganadería,44,Colombia,5510,Producción,489,Plátanos (Verde) y bananos para cocinar,2014,2014,toneladas,3467332.46
QCL,Cultivos y productos de ganadería,44,Colombia,5412,Rendimiento,489,Plátanos (Verde) y bananos para cocinar,2015,2015,kg/ha,8831.6
QCL,Cultivos y productos de ganadería,44,Colombia,5510,Producción,489,Plátanos (Verde) y bananos para cocinar,2015,2015,toneladas,3651635.92
QCL,Cultivos y productos de ganadería,44,Colombia,5412,Rendimiento,489,Plátanos (Verde) y bananos para cocinar,2016,2016,kg/ha,8657.1
QCL,Cultivos y productos de ganadería,44,Colombia,5510,Producción,489,Plátanos (Verde) y bananos para cocinar,2016,2016,toneladas,3644924.75
QCL,Cultivos y productos de ganadería,44,Colombia,5412,Rendimiento,489,Plátanos (Verde) y bananos para cocinar,2017,2017,kg/ha,7434.3
QCL,Cultivos y productos de ganadería,44,Colombia,5510,Producción,489,Plátanos (Verde) y bananos para cocinar,2017,2017,toneladas,1312732
QCL,Cultivos y productos de ganadería,44,Colombia,5412,Rendimiento,489,Plátanos (Verde) y bananos para cocinar,2018,2018,kg/ha,8125.9
QCL,Cultivos y productos de ganadería,44,Colombia,5510,Producción,489,Plátanos (Verde) y bananos para cocinar,2018,2018,toneladas,1906453
QCL,Cultivos y productos de ganadería,44,Colombia,5412,Rendimiento,489,Plátanos (Verde) y bananos para cocinar,2019,2019,kg/ha,8720
QCL,Cultivos y productos de ganadería,44,Colombia,5510,Producción,489,Plátanos (Verde) y bananos para cocinar,2019,2019,toneladas,2185005
QCL,Cultivos y productos de ganadería,44,Colombia,5412,Rendimiento,489,Plátanos (Verde) y bananos para cocinar,2020,2020,kg/ha,8711.7
QCL,Cultivos y productos de ganadería,44,Colombia,5510,Producción,489,Plátanos (Verde) y bananos para cocinar,2020,2020,toneladas,2300810.27
QCL,Cultivos y productos de ganadería,44,Colombia,5412,Rendimiento,489,Plátanos (Verde) y bananos para cocinar,2021,2021,kg/ha,8652
QCL,Cultivos y productos de ganadería,44,Colombia,5510,Producción,489,Plátanos (Verde) y bananos para cocinar,2021,2021,toneladas,2333021.61
QCL,Cultivos y productos de ganadería,44,Colombia,5412,Rendimiento,489,Plátanos (Verde) y bananos para cocinar,2022,2022,kg/ha,9022.3
QCL,Cultivos y productos de ganadería,44,Colombia,5510,Producción,489,Plátanos (Verde) y bananos para cocinar,2022,2022,toneladas,2478699.19
QCL,Cultivos y productos de ganadería,44,Colombia,5412,Rendimiento,489,Plátanos (Verde) y bananos para cocinar,2023,2023,kg/ha,9273.2
QCL,Cultivos y productos de ganadería,44,Colombia,5510,Producción,489,Plátanos (Verde) y bananos para cocinar,2023,2023,toneladas,2589360.62
QCL,Cultivos y productos de ganadería,44,Colombia,5412,Rendimiento,489,Plátanos (Verde) y bananos para cocinar,2024,2024,kg/ha,9430.4
QCL,Cultivos y productos de ganadería,44,Colombia,5510,Producción,489,Plátanos (Verde) y bananos para cocinar,2024,2024,toneladas,2658563.31
QCL,Cultivos y productos de ganadería,44,Colombia,5412,Rendimiento,125,"Yuca, fresca",2000,2000,kg/ha,9993.9
QCL,Cultivos y productos de ganadería,44,Colombia,5510,Producción,125,"Yuca, fresca",2000,2000,toneladas,1792380
QCL,Cultivos y productos de ganadería,44,Colombia,5412,Rendimiento,125,"Yuca, fresca",2001,2001,kg/ha,10410.8
QCL,Cultivos y productos de ganadería,44,Colombia,5510,Producción,125,"Yuca, fresca",2001,2001,toneladas,1980110
QCL,Cultivos y productos de ganadería,44,Colombia,5412,Rendimiento,125,"Yuca, fresca",2002,2002,kg/ha,10310
QCL,Cultivos y productos de ganadería,44,Colombia,5510,Producción,125,"Yuca, fresca",2002,2002,toneladas,1646089
QCL,Cultivos y productos de ganadería,44,Colombia,5412,Rendimiento,125,"Yuca, fresca",2003,2003,kg/ha,10650
QCL,Cultivos y productos de ganadería,44,Colombia,5510,Producción,125,"Yuca, fresca",2003,2003,toneladas,1668475
QCL,Cultivos y productos de ganadería,44,Colombia,5412,Rendimiento,125,"Yuca, fresca",2004,2004,kg/ha,10855.9
QCL,Cultivos y productos de ganadería,44,Colombia,5510,Producción,125,"Yuca, fresca",2004,2004,toneladas,1655465
QCL,Cultivos y productos de ganadería,44,Colombia,5412,Rendimiento,125,"Yuca, fresca",2005,2005,kg/ha,10691.2
QCL,Cultivos y productos de ganadería,44,Colombia,5510,Producción,125,"Yuca, fresca",2005,2005,toneladas,1613971
QCL,Cultivos y productos de ganadería,44,Colombia,5412,Rendimiento,125,"Yuca, fresca",2006,2006,kg/ha,10363.9
QCL,Cultivos y productos de ganadería,44,Colombia,5510,Producción,125,"Yuca, fresca",2006,2006,toneladas,1703144
QCL,Cultivos y productos de ganadería,44,Colombia,5412,Rendimiento,125,"Yuca, fresca",2007,2007,kg/ha,10833.7
QCL,Cultivos y productos de ganadería,44,Colombia,5510,Producción,125,"Yuca, fresca",2007,2007,toneladas,1793924
QCL,Cultivos y productos de ganadería,44,Colombia,5412,Rendimiento,125,"Yuca, fresca",2008,2008,kg/ha,10921.5
QCL,Cultivos y productos de ganadería,44,Colombia,5510,Producción,125,"Yuca, fresca",2008,2008,toneladas,1803911
QCL,Cultivos y productos de ganadería,44,Colombia,5412,Rendimiento,125,"Yuca, fresca",2009,2009,kg/ha,10689.9
QCL,Cultivos y productos de ganadería,44,Colombia,5510,Producción,125,"Yuca, fresca",2009,2009,toneladas,2250233
QCL,Cultivos y productos de ganadería,44,Colombia,5412,Rendimiento,125,"Yuca, fresca",2010,2010,kg/ha,10609.4
QCL,Cultivos y productos de ganadería,44,Colombia,5510,Producción,125,"Yuca, fresca",2010,2010,toneladas,2082440
QCL,Cultivos y productos de ganadería,44,Colombia,5412,Rendimiento,125,"Yuca, fresca",2011,2011,kg/ha,10703.9
QCL,Cultivos y productos de ganadería,44,Colombia,5510,Producción,125,"Yuca, fresca",2011,2011,toneladas,1870699.2
QCL,Cultivos y productos de ganadería,44,Colombia,5412,Rendimiento,125,"Yuca, fresca",2012,2012,kg/ha,9636.5
QCL,Cultivos y productos de ganadería,44,Colombia,5510,Producción,125,"Yuca, fresca",2012,2012,toneladas,2217949
QCL,Cultivos y productos de ganadería,44,Colombia,5412,Rendimiento,125,"Yuca, fresca",2013,2013,kg/ha,9963.3
QCL,Cultivos y productos de ganadería,44,Colombia,5510,Producción,125,"Yuca, fresca",2013,2013,toneladas,2490789
QCL,Cultivos y productos de ganadería,44,Colombia,5412,Rendimiento,125,"Yuca, fresca",2014,2014,kg/ha,11080.1
QCL,Cultivos y productos de ganadería,44,Colombia,5510,Producción,125,"Yuca, fresca",2014,2014,toneladas,2186207
QCL,Cultivos y productos de ganadería,44,Colombia,5412,Rendimiento,125,"Yuca, fresca",2015,2015,kg/ha,8779.4
QCL,Cultivos y productos de ganadería,44,Colombia,5510,Producción,125,"Yuca, fresca",2015,2015,toneladas,2092200
QCL,Cultivos y productos de ganadería,44,Colombia,5412,Rendimiento,125,"Yuca, fresca",2016,2016,kg/ha,10413.8
QCL,Cultivos y productos de ganadería,44,Colombia,5510,Producción,125,"Yuca, fresca",2016,2016,toneladas,2400076
QCL,Cultivos y productos de ganadería,44,Colombia,5412,Rendimiento,125,"Yuca, fresca",2017,2017,kg/ha,11776.5
QCL,Cultivos y productos de ganadería,44,Colombia,5510,Producción,125,"Yuca, fresca",2017,2017,toneladas,1056556.29
QCL,Cultivos y productos de ganadería,44,Colombia,5412,Rendimiento,125,"Yuca, fresca",2018,2018,kg/ha,9848.7
QCL,Cultivos y productos de ganadería,44,Colombia,5510,Producción,125,"Yuca, fresca",2018,2018,toneladas,1078918.82
QCL,Cultivos y productos de ganadería,44,Colombia,5412,Rendimiento,125,"Yuca, fresca",2019,2019,kg/ha,10893.2
QCL,Cultivos y productos de ganadería,44,Colombia,5510,Producción,125,"Yuca, fresca",2019,2019,toneladas,1026643.44
QCL,Cultivos y productos de ganadería,44,Colombia,5412,Rendimiento,125,"Yuca, fresca",2020,2020,kg/ha,10618.2
QCL,Cultivos y productos de ganadería,44,Colombia,5510,Producción,125,"Yuca, fresca",2020,2020,toneladas,1030750.01
QCL,Cultivos y productos de ganadería,44,Colombia,5412,Rendimiento,125,"Yuca, fresca",2021,2021,kg/ha,10347.3
QCL,Cultivos y productos de ganadería,44,Colombia,5510,Producción,125,"Yuca, fresca",2021,2021,toneladas,984366.26
QCL,Cultivos y productos de ganadería,44,Colombia,5412,Rendimiento,125,"Yuca, fresca",2022,2022,kg/ha,10592.1
QCL,Cultivos y productos de ganadería,44,Colombia,5510,Producción,125,"Yuca, fresca",2022,2022,toneladas,1019021.16
QCL,Cultivos y productos de ganadería,44,Colombia,5412,Rendimiento,125,"Yuca, fresca",2023,2023,kg/ha,10541.9
QCL,Cultivos y productos de ganadería,44,Colombia,5510,Producción,125,"Yuca, fresca",2023,2023,toneladas,1061253.22
QCL,Cultivos y productos de ganadería,44,Colombia,5412,Rendimiento,125,"Yuca, fresca",2024,2024,kg/ha,10632.4
QCL,Cultivos y productos de ganadería,44,Colombia,5510,Producción,125,"Yuca, fresca",2024,2024,toneladas,1115404.76
